id,source,url,publication_date,measurement_period,status,use_and_limits,inspected
S01,Thomas Frank interview,https://www.starterstory.com/stories/thomas-frank,2023-12-17,2017–2023; template sales about two years,Founder interview,"Template revenue, burnout, product work, operating tension",2026-10-02
S02,Stan platform report,https://stan.store/blog/state-of-the-creator-economy/,Updated 2026-07-21,2025 transactions,Commercial platform report,"59,000+ earning creators; units by format; incomplete item-level methods",2026-10-02
S03,Nina Fuji case,https://stan.store/blog/nina-fuji/,Updated 2026-08-28,First three weeks after guide launch,Vendor-selected creator case,"Reported sales, debt goals, customer questions, verified short quote; no profit account",2026-10-02
S04,Patreon State of Create,https://stateofcreate.co/en-GB,2025 report,August 2024 U.S. survey,Sponsored survey with NewtonX,"1007 creators; 2002 fans; retrospective priority ranks, not longitudinal growth",2026-10-02
S05,Ultimate Brain,https://thomasjfrank.com/brain/,Undated,Current offer,Product page,Ready-made Notion system; one-time offer,2026-10-02
S06,Flylighter,https://flylighter.com/,Undated,Current offer,Product page,Capture to Notion; team; no revenue or retention inferred,2026-10-02
S07,MacroFactor annual report,https://macrofactor.com/annual-report-2026/,2026-09-30,September 2022–2026 reported users; January 2026 launch,Company report,Historical counts restated; active/paying definition unspecified; program import,2026-10-02
S08,MacroFactor owner roles,https://macrofactor.com/team/,Undated,Current team,Company account,Different co-owner contributions,2026-10-02
S09,Nathan Barry review,https://nathanbarry.com/2016-review/,2017-01-06,2016,Founder report,"End-year MRR, company profit, leadership change",2026-10-02
S10,Kit history,https://kit.com/handbook/our-story,Undated,2013–2014,Company history,"Stall, investment, niche, direct sales, customer migrations",2026-10-02
S11,Justin Jackson review,https://justinjackson.ca/2019-review,2020-01-01,2019,Founder report,"July MRR; attributed pay, workload and family changes",2026-10-02
S12,Laura Roeder biography,https://www.lauraroeder.com/about,Undated,Earnings measurement year unspecified,Founder biography,"Educator background; millions annual revenue, no precise amount",2026-10-02
S13,Laura Roeder exit,https://www.lauraroeder.com/exactly-how-i-cold-emailed-my-way-to-a-life-changing-exit-and-you-can-too-165d8eaf8306/,2022-01-18,End-2021 sale,Founder report,Undisclosed price; team; choice to work; quote,2026-10-02
S14,Carrd interview account,https://usefathom.com/blog/bootstrapped-to-venture-capital,2021-08-16,August 2021,Original interview publisher account,AJ; >$1m ARR; assistance and preferred role; adjacent maker,2026-10-02
S15,Fathom ownership change,https://usefathom.com/blog/acquired,2024-12-02,Effective 2024-12-01,Co-founder announcement,Ellis bought Jarvis interest; retirement readiness; price private,2026-10-02
S16,Beast Industries investment,https://www.prnewswire.com/in/news-releases/bitmine-immersion-technologies-bmnr-announces-200-million-investment-in-beast-industries-302662106.html,2026-01-15,"Announced investment, closing expected later",Investor press release,"Equity capital, not revenue or SaaS proof; completion not verified here",2026-10-02
S17,Creator Ventures Fund II,https://www.consumeourinternet.com/p/announcing-creator-ventures-fund-ii,2025-05-20,Fund II announcement,Fund co-founders announcement,Consumer internet fund; not creator earnings or solely creator software,2026-10-02
S18,Transistor team interview,https://saas.transistor.fm/episodes/customer-service/transcript,2026-04-17,April 2026,Original interview transcript,"Six people: engineering, growth, customer help; 15:44",2026-10-02
